1,-540
2,-550
3,-550
4,-550
5,-550
6,-550
7,-550
8,-550
9,-550
10,-550
11,-550
12,-550
13,-550
14,-550
15,-550
17,-550
18,-550
19,-550
20,-550
21,-550
22,-550
23,-550
24,-550
25,-550
27,-550
28,-550
29,-550
30,-550
31,-550
32,-550
33,-550
34,-550
35,-525
36,-525
37,-525
38,-525
39,-525
40,-525
41,-525
42,-525
43,-525
44,-525
46,-525
47,-525
48,-525
49,-525
50,-525
51,-525
52,-525
53,-525
55,-525
56,-525
57,-525
58,-525
59,-525
61,-525
62,-525
63,-525
64,-525
65,-525
67,-525
69,-525
76,-500
77,-525
78,-525
79,-525
80,-525
82,-525
83,-525
85,-525
86,-525
87,-525
88,-525
89,-525
90,-525
91,-510
92,-525
96,-525
97,-525
98,-525
99,-525
100,-525
101,-525
102,-525
103,-525
104,-525
105,-525
106,-525
107,-525
108,-525
109,-525
110,-525
111,-525
113,-525
114,-525
115,-525
116,-525
117,-525
118,-525
119,-525
120,-525
121,-500
122,-500
123,-500
124,-500
125,-525
126,-525
127,-500
129,-500
130,-500
131,-500
132,-500
133,-500
134,-500
135,-500
136,-500
137,-500
138,-500
139,-500
140,-500
141,-500
142,-519
143,-500
144,-500
145,-500
146,-500
147,-500
148,-500
149,-500
151,-500
152,-500
153,-500
154,-500
155,-500
156,-500
157,-500
158,-500
159,-500
160,-500
161,-514
163,-500
164,-500
165,-510
166,-500
168,-500
169,-500
170,-500
172,-500
173,-500
174,-500
175,-500
176,-500
177,-500
178,-500
179,-500
180,-480
181,-500
182,-500
183,-500
184,-500
185,-500
186,-500
187,-500
188,-500
189,-500
191,-500
192,-500
193,-500
194,-500
195,-500
196,-500
197,-500
198,-500
199,-500
200,-500
201,-500
203,-500
205,-500
206,-500
207,-500
208,-500
209,-475
210,-475
211,-475
212,-475
213,-475
214,-475
215,-475
216,-475
218,-475
219,-475
220,-500
222,-475
223,-475
224,-475
226,-475
227,-475
228,-475
229,-475
231,-475
233,-475
234,-475
235,-475
236,-475
237,-475
238,-475
239,-475
240,-475
241,-475
242,-475
243,-475
244,-475
245,-475
246,-475
247,-475
249,-475
251,-475
252,-475
254,-475
255,-475
258,-510
260,-475
261,-475
262,-475
263,-475
264,-475
266,-475
267,-475
268,-475
269,-475
270,-475
271,-475
272,-475
273,-475
274,-475
275,-475
276,-475
277,-475
278,-475
279,-475
280,-475
281,-475
282,-475
283,-475
285,-475
286,-475
287,-475
288,-475
289,-475
290,-475
292,-475
293,-450
294,-450
295,-450
296,-450
297,-450
298,-450
299,-450
300,-450
301,-450
303,-450
304,-450
305,-450
306,-450
307,-450
308,-450
309,-450
310,-450
311,-475
312,-450
313,-450
314,-450
316,-450
317,-450
319,-450
320,-450
321,-450
322,-450
323,-450
324,-450
325,-450
326,-450
327,-450
328,-450
329,-475
330,-450
332,-450
333,-450
334,-450
335,-450
336,-450
337,-450
338,-450
340,-448
341,-450
342,-450
343,-450
344,-450
345,-450
346,-450
347,-450
348,-450
349,-450
350,-450
351,-450
352,-450
353,-450
354,-450
355,-450
356,-450
357,-450
358,-450
359,-450
360,-450
361,-450
362,-450
363,-450
364,-450
365,-450
366,-450
367,-450
368,-450
371,-450
372,-450
373,-450
374,-450
375,-450
376,-450
378,-450
379,-450
380,-425
381,-425
382,-425
383,-425
384,-425
385,-450
387,-425
388,-425
389,-425
390,-425
391,-425
393,-425
394,-425
395,-425
396,-425
400,-450
401,-425
402,-450
403,-425
405,-425
406,-425
407,-425
408,-425
409,-425
410,-425
411,-425
413,-425
414,-409
415,-450
416,-425
417,-425
418,-425
419,-425
420,-425
421,-425
422,-425
423,-425
424,-425
425,-425
426,-425
427,-425
428,-425
429,-425
430,-425
432,-425
433,-425
434,-425
435,-425
436,-425
437,-425
438,-425
440,-425
441,-425
442,-425
443,-425
444,-425
445,-425
446,-425
448,-425
449,-425
450,-425
451,-425
452,-425
453,-425
454,-425
455,-425
456,-425
457,-425
458,-425
459,-425
460,-425
461,-425
462,-425
464,-425
465,-425
466,-425
468,-400
469,-400
471,-425
473,-400
474,-400
475,-400
476,-400
477,-400
478,-400
479,-400
481,-400
482,-400
483,-400
484,-425
485,-400
486,-400
487,-400
489,-400
490,-400
491,-392
492,-400
493,-400
494,-400
495,-400
496,-400
497,-380
498,-400
499,-400
500,-400
501,-400
502,-400
503,-400
505,-400
506,-400
507,-400
510,-378
511,-400
512,-400
513,-385
514,-400
515,-377
516,-400
517,-377
519,-391
520,-400
521,-400
522,-371
523,-400
524,-400
525,-400
526,-400
528,-375
529,-375
530,-375
531,-375
533,-370
534,-364
536,-375
537,-375
538,-377
539,-363
540,-375
541,-375
542,-450
543,-375
544,-375
546,-375
547,-375
548,-375
549,-375
550,-375
551,-375
552,-375
553,-375
555,-325
556,-375
557,-375
559,-355
560,-369
561,-375
562,-375
563,-375
564,-375
565,-375
566,-375
568,-375
569,-375
570,-375
571,-375
572,-356
576,-375
577,-375
578,-375
579,-375
580,-375
581,-375
582,-375
583,-350
584,-350
585,-375
586,-350
587,-350
588,-350
589,-350
590,-350
591,-341
592,-350
593,-350
594,-350
595,-350
596,-340
597,-350
598,-350
599,-350
600,-350
601,-340
602,-350
603,-334
604,-350
605,-350
606,-350
607,-350
608,-350
609,-350
610,-350
611,-350
612,-375
613,-350
614,-350
615,-338
616,-350
617,-350
619,-350
621,-350
622,-350
623,-350
624,-375
625,-350
626,-350
628,-350
629,-350
630,-350
631,-350
632,-325
633,-325
634,-350
635,-350
636,-350
637,-350
638,-331
639,-350
640,-324
641,-324
642,-320
644,-350
645,-350
646,-350
647,-325
648,-325
649,-325
650,-325
651,-325
652,-325
653,-325
654,-325
655,-325
656,-325
657,-325
658,-320
659,-325
660,-325
661,-325
662,-325
663,-325
664,-325
665,-325
666,-325
667,-350
668,-325
669,-325
670,-325
671,-325
672,-325
673,-341
674,-325
675,-314
676,-325
677,-325
678,-325
679,-325
680,-325
681,-325
682,-325
683,-311
684,-325
685,-325
686,-325
687,-325
688,-325
689,-325
690,-325
691,-325
692,-299
695,-325
696,-325
697,-325
698,-300
699,-295
700,-302
701,-300
702,-300
703,-300
704,-300
705,-300
706,-300
707,-300
709,-300
710,-297
712,-279
713,-300
714,-300
715,-300
716,-300
718,-300
719,-294
720,-300
721,-300
722,-300
723,-300
724,-300
725,-300
726,-300
727,-295
728,-300
729,-300
730,-300
731,-300
732,-300
733,-300
734,-300
735,-300
736,-300
737,-300
738,-300
739,-300
740,-310
742,-300
743,-300
744,-283
745,-300
746,-300
747,-300
748,-300
749,-300
750,-300
751,-300
752,-325
753,-300
754,-300
755,-273
756,-300
757,-280
758,-299
759,-300
760,-300
761,-273
762,-278
763,-275
764,-275
765,-275
766,-275
767,-275
768,-274
769,-275
770,-275
771,-264
772,-275
773,-275
774,-275
776,-274
777,-275
778,-273
779,-275
780,-279
781,-270
782,-275
783,-275
784,-275
785,-250
786,-300
787,-279
788,-275
789,-272
790,-275
791,-275
792,-277
793,-261
796,-275
797,-275
798,-275
799,-275
800,-275
801,-275
803,-265
805,-275
806,-263
807,-254
808,-275
809,-275
810,-270
811,-275
812,-259
813,-263
814,-250
815,-250
816,-250
817,-256
818,-251
819,-275
820,-275
822,-250
823,-255
824,-260
825,-275
826,-250
827,-262
828,-250
830,-250
831,-300
832,-255
833,-250
835,-250
836,-250
837,-250
838,-250
839,-250
840,-250
841,-250
842,-250
843,-250
844,-250
845,-250
846,-250
847,-250
848,-250
849,-250
851,-250
852,-257
853,-275
854,-250
855,-250
856,-259
857,-250
858,-247
859,-250
860,-250
861,-250
862,-250
864,-250
865,-250
866,-250
869,-250
870,-250
871,-250
872,-250
873,-250
874,-243
875,-250
876,-250
877,-239
878,-235
879,-249
880,-250
881,-250
882,-243
883,-250
884,-250
885,-152
886,-250
887,-250
888,-250
889,-250
890,-250
891,-245
892,-250
895,-250
897,-150
898,-250
899,-250
900,-250
901,-250
902,-250
903,-250
904,-245
905,-241
906,-250
907,-234
908,-242
909,-250
910,-250
912,-243
913,-250
914,-243
915,-250
916,-250
917,-250
918,-250
919,-237
921,-250
923,-239
924,-242
925,-250
926,-235
927,-250
928,-250
929,-250
930,-229
931,-240
932,-250
934,-250
935,-250
936,-250
938,-250
939,-250
940,-250
941,-250
942,-250
943,-250
944,-250
945,-250
947,-250
948,-244
949,-240
950,-250
952,-235
953,-229
957,-250
958,-250
959,-250
960,-250
961,-250
962,-250
963,-250
964,-225
965,-250
966,-251
967,-230
968,-250
969,-250
970,-250
971,-250
972,-250
973,-250
974,-250
975,-269
976,-230
977,-229
980,-250
981,-250
982,-225
983,-250
984,-250
985,-250
986,-235
987,-250
988,-250
989,-236
990,-250
991,-250
992,-235
993,-229
994,-250
995,-250
996,-238
997,-229
998,-250
999,-229
1000,-250
1001,-250
1002,-250
1003,-250
1004,-250
1006,-239
1007,-250
1008,-250
1009,-250
1010,-237
1011,-250
1013,-250
1014,-250
1015,-250
1016,-230
1017,-250
1018,-250
1019,-250
1020,-250
1021,-233
1022,-231
1023,-225
1024,-225
1025,-232
1026,-250
1027,-250
1028,-250
1029,-250
1031,-250
1032,-250
1033,-250
1034,-239
1035,-231
1036,-250
1037,-250
1038,-250
1039,-250
1041,-250
1042,-250
1043,-250
1045,-250
1046,-232
1047,-250
1049,-250
1050,-250
1051,-250
1052,-250
1053,-219
1054,-250
1055,-250
1056,-250
1057,-250
1058,-250
1060,-230
1062,-231
1063,-228
1064,-228
1065,-243
1067,-230
1069,-250
1070,-250
1071,-250
1072,-250
1073,-250
1074,-235
1075,-230
1076,-250
1077,-250
1079,-250
1080,-250
1081,-250
1082,-250
1084,-250
1085,-250
1086,-250
1088,-231
1090,-220
1091,-228
1092,-250
1093,-231
1094,-250
1095,-250
1096,-250
1097,-250
1099,-250
1100,-250
1101,-250
1102,-250
1103,-227
1104,-250
1105,-224
1106,-250
1107,-250
1109,-226
1110,-230
1111,-220
1113,-250
1114,-229
1115,-219
1116,-250
1117,-219
1118,-222
1119,-250
1123,-250
1124,-250
1125,-220
1127,-250
1128,-275
1129,-250
1130,-250
1131,-221
1132,-220
1133,-250
1134,-228
1135,-223
1137,-225
1138,-225
1139,-225
1140,-225
1141,-225
1143,-225
1145,-225
1146,-225
1147,-225
1148,-225
1149,-225
1151,-221
1152,-225
1154,-226
1157,-225
1158,-225
1160,-225
1161,-225
1162,-225
1163,-230
1164,-225
1165,-225
1166,-225
1167,-225
1168,-218
1169,-225
1170,-219
1171,-225
1172,-219
1173,-209
1174,-225
1175,-225
1176,-225
1177,-225
1178,-225
1179,-225
1180,-210
1181,-225
1182,-220
1183,-225
1184,-225
1185,-225
1186,-225
1187,-215
1188,-230
1190,-225
1191,-221
1192,-225
1193,-225
1194,-222
1195,-225
1196,-225
1197,-225
1198,-225
1200,-219
1201,-224
1204,-222
1205,-230
1206,-225
1207,-225
1208,-225
1209,-225
1212,-217
1213,-225
1214,-217
1215,-216
1216,-217
1217,-225
1218,-225
1219,-219
1220,-225
1221,-225
1222,-230
1223,-225
1224,-225
1225,-225
1226,-225
1227,-250
1228,-225
1229,-230
1231,-225
1232,-220
1233,-225
1234,-225
1235,-225
1236,-225
1237,-225
1238,-225
1239,-229
1240,-218
1241,-225
1242,-219
1243,-225
1244,-225
1245,-225
1246,-225
1247,-225
1248,-204
1249,-225
1250,-225
1251,-217
1253,-225
1254,-225
1255,-238
1256,-225
1257,-225
1258,-225
1259,-225
1260,-225
1262,-225
1263,-225
1264,-225
1265,-201
1266,-199
1267,-225
1268,-225
1269,-225
1270,-203
1271,-225
1272,-225
1273,-225
1274,-225
1275,-213
1276,-225
1277,-225
1278,-216
1279,-211
1281,-225
1282,-225
1283,-225
1284,-225
1285,-215
1286,-196
1287,-225
1288,-225
1289,-225
1290,-225
1291,-215
1292,-225
1295,-225
1296,-225
1297,-225
1298,-225
1300,-225
1301,-225
1302,-225
1303,-225
1304,-225
1305,-225
1306,-225
1308,-225
1309,-225
1310,-225
1311,-225
1312,-219
1314,-225
1315,-225
1318,-208
1319,-225
1320,-225
1321,-225
1322,-225
1323,-209
1324,-225
1325,-225
1326,-225
1327,-225
1328,-225
1329,-225
1330,-225
1331,-225
1332,-225
1333,-225
1334,-225
1335,-225
1336,-210
1337,-200
1338,-201
1340,-225
1341,-225
1342,-225
1343,-225
1344,-225
1345,-225
1346,-225
1347,-225
1348,-225
1350,-225
1352,-225
1353,-212
1354,-225
1355,-225
1356,-209
1357,-225
1358,-225
1359,-225
1360,-225
1362,-205
1363,-225
1364,-225
1365,-225
1366,-200
1367,-225
1369,-225
1370,-225
1372,-225
1373,-209
1374,-225
1375,-225
1376,-225
1377,-203
1378,-225
1379,-225
1380,-225
1382,-225
1383,-225
1384,-199
1385,-225
1386,-225
1387,-225
1388,-225
1389,-225
1390,-225
1391,-225
1392,-225
1393,-225
1394,-200
1395,-200
1396,-205
1397,-200
1398,-200
1399,-200
1400,-200
1403,-200
1404,-196
1405,-200
1406,-199
1407,-200
1408,-200
1409,-200
1410,-200
1411,-200
1412,-200
1413,-200
1414,-200
1415,-200
1416,-200
1417,-191
1418,-200
1420,-195
1421,-200
1422,-189
1423,-200
1424,-190
1425,-225
1426,-200
1427,-200
1428,-200
1429,-225
1430,-200
1431,-200
1433,-200
1434,-200
1435,-200
1436,-200
1437,-200
1438,-200
1439,-200
1440,-200
1441,-200
1442,-200
1443,-200
1444,-200
1445,-200
1446,-200
1447,-200
1448,-200
1449,-189
1450,-200
1451,-200
1452,-179
1453,-200
1454,-200
1455,-200
1456,-200
1457,-200
1460,-204
1461,-200
1462,-200
1463,-200
1464,-200
1465,-199
1466,-199
1468,-200
1469,-200
1470,-200
1471,-200
1472,-200
1473,-200
1474,-200
1475,-200
1476,-200
1479,-200
1480,-196
1481,-200
1482,-200
1483,-200
1484,-200
1485,-187
1486,-200
1487,-200
1489,-200
1492,-180
1494,-200
1495,-193
1496,-200
1497,-200
1498,-200
1499,-200
1500,-169
1502,-191
1503,-200
1504,-185
1506,-180
1507,-200
1508,-200
1509,-200
1510,-177
1511,-177
1512,-200
1513,-180
1514,-200
1515,-200
1516,-200
1518,-200
1519,-200
1520,-200
1521,-200
1522,-200
1523,-165
1524,-190
1525,-162
1529,-200
1530,-200
1531,-200
1532,-200
1533,-179
1534,-200
1535,-200
1536,-200
1537,-200
1538,-200
1541,-200
1542,-181
1543,-200
1544,-200
1545,-182
1546,-200
1547,-200
1548,-172
1549,-200
1550,-175
1551,-184
1552,-184
1553,-180
1554,-175
1555,-175
1556,-183
1557,-175
1558,-175
1559,-175
1561,-175
1562,-175
1563,-200
1565,-181
1566,-175
1567,-180
1568,-175
1569,-175
1570,-175
1571,-175
1572,-200
1573,-179
1574,-175
1575,-180
1576,-190
1577,-175
1578,-175
1579,-175
1581,-175
1582,-175
1583,-170
1584,-175
1585,-175
1589,-175
1590,-175
1591,-185
1592,-175
1594,-164
1595,-143
1596,-158
1597,-175
1598,-154
1599,-175
1600,-175
1601,-175
1602,-175
1603,-175
1604,-175
1605,-175
1606,-175
1607,-163
1608,-175
1609,-175
1612,-175
1613,-170
1614,-175
1615,-175
1616,-175
1617,-175
1618,-175
1620,-175
1621,-175
1622,-163
1623,-163
1624,-168
1626,-175
1627,-175
1628,-175
1629,-150
1630,-169
1631,-175
1632,-175
1633,-175
1634,-175
1635,-175
1636,-166
1637,-175
1638,-154
1639,-175
1642,-175
1643,-175
1644,-175
1645,-162
1648,-175
1649,-161
1650,-175
1651,-155
1652,-175
1653,-175
1655,-175
1656,-175
1657,-161
1658,-175
1660,-158
1662,-149
1663,-154
1665,-175
1666,-155
1667,-175
1668,-175
1669,-175
1670,-175
1671,-175
1674,-175
1675,-160
1676,-150
1677,-175
1678,-150
1679,-140
1680,-175
1682,-157
1683,-150
1686,-175
1687,-175
1689,-175
1692,-140
1693,-152
1695,-154
1696,-175
1697,-150
1701,-157
1702,-175
1703,-150
1704,-150
1705,-143
1706,-150
1707,-150
1712,-150
1713,-150
1714,-150
1715,-150
1716,-150
1718,-151
1719,-150
1720,-149
1722,-142
1723,-150
1724,-150
1725,-150
1726,-150
1727,-150
1728,-142
1730,-150
1731,-149
1732,-150
1733,-150
1734,-142
1735,-150
1739,-150
1740,-150
1741,-150
1742,-143
1743,-154
1744,-140
1745,-150
1746,-138
1747,-150
1748,-140
1749,-150
1750,-147
1751,-150
1752,-150
1753,-141
1754,-150
1755,-150
1756,-119
1757,-150
1758,-150
1759,-150
1760,-150
1762,-150
1763,-139
1764,-136
1765,-150
1766,-133
1767,-132
1768,-175
1769,-150
1770,-150
1771,-150
1773,-150
1774,-135
1775,-150
1776,-150
1777,-150
1778,-150
1779,-150
1780,-150
1781,-150
1782,-150
1783,-150
1784,-150
1785,-150
1786,-150
1787,-175
1788,-150
1789,-100
1790,-150
1791,-150
1792,-150
1794,-150
1795,-150
1796,-131
1797,-150
1798,-130
1799,-150
1800,-149
1801,-150
1802,-135
1803,-150
1804,-150
1805,-129
1806,-130
1807,-150
1808,-200
1809,-150
1811,-150
1812,-150
1813,-150
1814,-134
1815,-139
1816,-150
1817,-150
1818,-123
1819,-136
1820,-125
1821,-150
1822,-135
1824,-150
1825,-150
1826,-148
1828,-125
1829,-150
1830,-175
1831,-150
1832,-125
1833,-150
1834,-150
1835,-124
1836,-150
1837,-125
1839,-125
1841,-150
1842,-139
1843,-129
1845,-125
1847,-150
1848,-125
1849,-125
1850,-125
1851,-125
1853,-125
1854,-150
1860,-125
1861,-125
1863,-125
1864,-125
1865,-119
1866,-124
1867,-125
1868,-125
1869,-125
1870,-125
1871,-125
1872,-130
1873,-130
1874,-125
1875,-125
1876,-119
1877,-124
1878,-150
1880,-125
1881,-125
1882,-129
1883,-125
1884,-125
1885,-125
1886,-124
1887,-125
1888,-175
1889,-129
1891,-130
1892,-125
1894,-125
1895,-125
1896,-125
1897,-125
1898,-125
1900,-125
1901,-150
1902,-114
1903,-117
1904,-125
1905,-125
1908,-125
1909,-125
1910,-125
1911,-125
1912,-125
1913,-125
1914,-125
1915,-125
1916,-125
1917,-125
1918,-125
1919,-125
1920,-125
1922,-125
1924,-125
1928,-125
1929,-125
1930,-125
1931,-125
1932,-124
1933,-125
1934,-125
1935,-125
1936,-125
1937,-125
1938,-125
1939,-120
1940,-125
1941,-125
1942,-115
1944,-125
1945,-125
1946,-115
1947,-111
1949,-119
1951,-125
1952,-125
1956,-125
1957,-100
1959,-125
1960,-125
1961,-125
1962,-125
1963,-116
1964,-150
1965,-125
1966,-125
1967,-125
1969,-125
1970,-125
1971,-125
1972,-125
1973,-117
1974,-114
1976,-106
1977,-125
1978,-125
1979,-125
1980,-125
1981,-115
1982,-116
1983,-108
1984,-125
1985,-125
1986,-125
1987,-125
1988,-125
1989,-125
1990,-125
1991,-125
1992,-99
1993,-125
1995,-125
1996,-125
1997,-125
1998,-125
1999,-125
2001,-125
2002,-125
2003,-124
2004,-125
2005,-125
2006,-125
2007,-125
2008,-125
2009,-125
2010,-125
2011,-125
2012,-114
2013,-125
2014,-125
2015,-125
2017,-125
2018,-125
2019,-125
2020,-125
2021,-119
2022,-125
2023,-120
2024,-125
2025,-125
2026,-120
2027,-105
2028,-125
2030,-125
2031,-119
2032,-125
2033,-125
2034,-150
2035,-118
2036,-125
2037,-125
2038,-125
2040,-99
2041,-125
2042,-125
2043,-125
2044,-110
2045,-108
2048,-125
2049,-125
2050,-125
2051,-125
2052,-109
2053,-125
2055,-125
2056,-125
2057,-125
2058,-125
2059,-125
2060,-125
2061,-125
2062,-100
2063,-125
2064,-115
2066,-115
2067,-125
2068,-125
2069,-125
2070,-108
2071,-125
2072,-106
2074,-125
2075,-108
2076,-125
2077,-125
2078,-109
2079,-125
2080,-125
2081,-117
2082,-100
2085,-125
2086,-125
2087,-125
2088,-106
2089,-125
2090,-125
2091,-125
2092,-125
2093,-125
2094,-125
2095,-125
2096,-125
2097,-125
2098,-125
2099,-125
2100,-125
2101,-125
2102,-125
2103,-108
2104,-125
2105,-125
2106,-125
2107,-104
2109,-125
2110,-125
2111,-125
2112,-125
2113,-125
2114,-125
2115,-125
2116,-125
2117,-125
2118,-125
2119,-111
2120,-107
2125,-125
2126,-125
2127,-125
2128,-125
2130,-100
2131,-125
2132,-125
2133,-125
2134,-125
2135,-125
2136,-125
2137,-125
2138,-125
2140,-97
2141,-125
2142,-125
2143,-125
2144,-125
2145,-125
2146,-125
2147,-125
2148,-125
2149,-125
2150,-150
2151,-125
2152,-125
2154,-125
2155,-125
2156,-125
2157,-120
2159,-125
2160,-125
2162,-125
2163,-109
2164,-110
2165,-125
2166,-125
2167,-125
2168,-125
2169,-125
2170,-105
2173,-125
2175,-100
2176,-100
2177,-109
2178,-125
2179,-99
2180,-100
2181,-100
2182,-100
2184,-125
2186,-100
2189,-100
2190,-100
2191,-100
2192,-100
2193,-105
2195,-110
2196,-100
2198,-89
2203,-100
2204,-100
2205,-110
2206,-100
2207,-100
2208,-100
2211,-100
2212,-100
2213,-100
2214,-100
2215,-100
2216,-102
2219,-91
2220,-125
2222,-107
2223,-100
2224,-100
2225,-100
2226,-100
2227,-100
2228,-100
2229,-100
2230,-100
2231,-100
2233,-100
2234,-100
2235,-100
2236,-100
2237,-100
2238,-100
2241,-95
2242,-100
2243,-100
2244,-100
2246,-100
2247,-100
2248,-125
2249,-100
2250,-125
2252,-100
2253,-100
2254,-70
2256,-100
2257,-125
2258,-100
2259,-100
2260,-100
2261,-99
2262,-92
2263,-100
2264,-98
2265,-100
2266,-100
2267,-125
2268,-100
2270,-100
2271,-106
2272,-102
2273,-100
2274,-100
2275,-100
2276,-125
2277,-100
2279,-100
2280,-92
2281,-100
2282,-100
2284,-100
2286,-103
2287,-125
2289,-100
2290,-100
2291,-100
2292,-100
2293,-100
2294,-100
2295,-100
2296,-100
2297,-95
2299,-100
2300,-89
2301,-100
2303,-100
2305,-100
2306,-100
2307,-100
2308,-100
2310,-100
2311,-125
2312,-100
2313,-89
2314,-100
2315,-100
2316,-89
2317,-100
2318,-100
2319,-100
2320,-100
2321,-125
2323,-100
2324,-100
2325,-100
2326,-100
2328,-90
2329,-100
2330,-100
2331,-100
2332,-100
2333,-100
2334,-100
2336,-100
2338,-100
2340,-99
2341,-90
2344,-125
2346,-100
2347,-95
2348,-100
2349,-100
2350,-99
2351,-100
2352,-90
2356,-98
2357,-100
2358,-100
2359,-100
2360,-100
2361,-100
2363,-100
2364,-100
2365,-99
2366,-89
2367,-100
2368,-100
2369,-100
2370,-100
2371,-100
2372,-82
2373,-100
2374,-83
2375,-97
2376,-100
2377,-100
2379,-100
2381,-100
2382,-100
2383,-100
2385,-100
2386,-100
2389,-100
2390,-100
2391,-100
2392,-83
2393,-125
2394,-75
2396,-100
2397,-100
2398,-95
2399,-100
2401,-100
2402,-100
2403,-100
2404,-100
2405,-125
2406,-100
2407,-100
2408,-100
2409,-100
2411,-100
2412,-100
2413,-100
2414,-100
2416,-100
2417,-82
2418,-100
2419,-100
2420,-100
2421,-100
2422,-100
2423,-100
2424,-100
2426,-100
2427,-100
2429,-86
2430,-99
2432,-100
2433,-99
2434,-100
2435,-100
2436,-100
2437,-100
2438,-100
2439,-100
2440,-75
2441,-100
2442,-100
2443,-100
2444,-100
2445,-100
2446,-100
2447,-100
2449,-79
2450,-89
2451,-100
2452,-100
2453,-100
2455,-100
2456,-100
2457,-100
2458,-82
2459,-85
2461,-100
2462,-100
2463,-100
2464,-85
2465,-85
2466,-100
2467,-100
2468,-100
2472,-100
2473,-100
2474,-100
2476,-100
2477,-100
2478,-100
2479,-100
2480,-125
2481,-79
2482,-100
2484,-100
2485,-100
2486,-100
2487,-100
2488,-100
2489,-100
2490,-100
2491,-100
2493,-100
2494,-100
2495,-89
2496,-100
2497,-80
2498,-100
2499,-100
2500,-100
2501,-100
2502,-100
2503,-100
2504,-100
2506,-100
2507,-100
2508,-100
2510,-100
2511,-100
2512,-100
2513,-100
2515,-69
2516,-100
2518,-90
2519,-100
2520,-100
2521,-95
2522,-100
2523,-100
2524,-100
2525,-100
2527,-100
2528,-100
2529,-100
2534,-89
2536,-119
2537,-100
2538,-100
2539,-100
2540,-100
2541,-100
2542,-100
2543,-100
2544,-100
2547,-100
2548,-100
2549,-100
2550,-79
2552,-100
2553,-76
2554,-100
2555,-100
2557,-100
2558,-100
2559,-100
2560,-100
2561,-100
2562,-100
2563,-65
2564,-100
2565,-100
2566,-100
2567,-125
2568,-100
2570,-100
2571,-89
2572,-100
2573,-90
2574,-100
2575,-100
2576,-100
2577,-100
2578,-100
2579,-100
2580,-100
2581,-100
2582,-100
2583,-100
2584,-100
2585,-100
2586,-100
2587,-100
2588,-100
2589,-100
2591,-100
2593,-100
2594,-100
2595,-100
2596,-100
2597,-63
2598,-100
2600,-100
2601,-100
2602,-100
2605,-100
2606,-100
2608,-100
2609,-100
2610,-100
2611,-100
2612,-100
2613,-100
2614,-100
2615,-100
2617,-100
2618,-100
2619,-100
2620,-100
2621,-100
2622,-100
2623,-100
2625,-100
2626,-75
2627,-100
2628,-100
2629,-75
2630,-100
2631,-100
2632,-66
2633,-100
2634,-100
2635,-100
2637,-100
2638,-98
2639,-100
2640,-100
2641,-100
2643,-100
2644,-100
2645,-100
2647,-100
2648,-100
2649,-100
2650,-100
2651,-100
2652,-100
2653,-100
2654,-100
2655,-100
2656,-100
2659,-75
2661,-100
2662,-75
2663,-125
2664,-75
2665,-100
2666,-100
2667,-100
2669,-75
2670,-75
2671,-100
2673,-75
2674,-75
2675,-75
2676,-75
2677,-75
2678,-100
2679,-75
2680,-75
2681,-75
2684,-100
2685,-75
2686,-75
2687,-150
2689,-75
2690,-75
2691,-75
2692,-75
2697,-75
2699,-75
2700,-75
2701,-100
2703,-75
2705,-75
2706,-100
2708,-75
2709,-75
2710,-75
2711,-89
2712,-75
2713,-85
2714,-100
2715,-75
2716,-100
2717,-75
2718,-75
2719,-75
2720,-75
2721,-75
2723,-75
2724,-75
2725,-75
2726,-75
2727,-75
2728,-75
2729,-75
2730,-75
2731,-65
2732,-75
2736,-75
2737,-75
2739,-75
2740,-75
2741,-75
2742,-75
2743,-100
2744,-75
2747,-69
2749,-75
2750,-75
2751,-75
2752,-75
2754,-75
2755,-75
2757,-75
2758,-64
2760,-75
2761,-75
2762,-75
2763,-75
2765,-75
2766,-75
2767,-75
2768,-75
2769,-75
2770,-75
2771,-75
2773,-75
2774,-100
2775,-75
2776,-75
2777,-75
2778,-75
2781,-75
2782,-75
2783,-75
2786,-75
2788,-75
2790,-75
2791,-75
2792,-75
2794,-75
2795,-75
2796,-75
2797,-75
2799,-75
2800,-75
2801,-75
2802,-75
2803,-75
2804,-75
2806,-80
2807,-75
2808,-64
2809,-75
2810,-75
2811,-75
2813,-75
2814,-75
2815,-75
2816,-69
2817,-75
2819,-100
2821,-79
2822,-80
2823,-73
2829,-75
2830,-75
2831,-75
2832,-75
2834,-69
2835,-75
2836,-100
2840,-79
2841,-75
2843,-75
2848,-75
2849,-75
2850,-75
2852,-75
2853,-75
2854,-75
2856,-75
2859,-75
2860,-75
2861,-80
2863,-75
2865,-75
2867,-75
2869,-75
2870,-75
2871,-75
2872,-75
2873,-75
2874,-75
2875,-75
2880,-75
2881,-75
2882,-75
2885,-75
2888,-75
2889,-75
2890,-100
2892,-75
2895,-69
2896,-75
2898,-75
2903,-75
2905,-75
2906,-75
2907,-75
2908,-75
2909,-75
2910,-75
2911,-75
2912,-75
2913,-80
2914,-70
2915,-75
2916,-75
2918,-75
2919,-75
2920,-75
2921,-75
2923,-75
2924,-75
2927,-79
2929,-59
2930,-75
2931,-75
2933,-50
2934,-50
2939,-250
2940,-350
2941,-100
2942,-250
2943,-250
2944,-175
2945,-75
2946,-100
2947,-50
2948,-450
2949,-75
2951,-125
2952,-100
2953,-100
2954,-125
2955,-100
2956,-450
2957,-350
2958,-100
2959,-175
2960,-150
2961,-100
2963,-75
2965,-75
2967,-250
2968,-100
2969,-125
2970,-150
2971,-100
2972,-100
2973,-159
2976,-250
2977,-100
2978,-75
2979,-100
2980,-75
2981,-100
2985,-100
2986,-250
2987,-350
2988,-200
2989,-350
2990,-150
2991,-75
2992,-550
2993,-150
2994,-550
2996,-100
2997,-100
2998,-525
2999,-100
3000,-100
3001,-225
3003,-525
3004,-525
3005,-525
3006,-100
3007,-100
3008,-125
3010,-525
3011,-500
3012,-300
3013,-525
3014,-175
3015,-75
3016,-275
3017,-225
3018,-150
3019,-100
3020,-525
3021,-125
3022,-225
3023,-200
3024,-275
3025,-250
3026,-75
3027,-525
3028,-125
3029,-150
3030,-100
3031,-125
3032,-100
3034,-100
3035,-75
3036,-125
3037,-100
3038,-250
3039,-550
3040,-75
3041,-101
3042,-101
3044,-75
3045,-125
3047,-175
3049,-75
3050,-75
3051,-125
3052,-75
3053,-125
3054,-150
3055,-150
3056,-100
3057,-125
3059,-100
3060,-275
3061,-75
3062,-100
3063,-125
3064,-250
3066,-100
3067,-100
3068,-150
3069,-100
3070,-100
3071,-100
3072,-100
3073,-100
3074,-100
3076,-100
3077,-100
3078,-100
3079,-100
3080,-125
3083,-100
3084,-100
3085,-100
3086,-100
3087,-75
3088,-75
3090,-100
3091,-100
3092,-75
3093,-100
3094,-75
3095,-300
3096,-75
3097,-75
3098,-150
3099,-250
3100,-100
3101,-150
3102,-225
3103,-250
3104,-150
3105,-125
3106,-250
3108,-75
3111,-100
3112,-200
3113,-125
3114,-150
3115,-100
3116,-250
3117,-200
3119,-550
3120,-100
3121,-150
3124,-550
3125,-550
3126,-175
3127,-125
3128,-550
3129,-109
3133,-225
3134,-175
3135,-175
3136,-175
3137,-175
3138,-175
3139,-100
3140,-100
3142,-100
3143,-75
3144,-125
3145,-100
3146,-175
3147,-125
3148,-175
3150,-75
3151,-125
3152,-175
3153,-125
3154,-100
3156,-75
3158,-175
3160,-175
3161,-125
3162,-125
3163,-125
3164,-100
3165,-100
3166,-100
3167,-175
3168,-175
3169,-125
3170,-175
3171,-100
3172,-175
3173,-175
3174,-200
3175,-175
3176,-125
3177,-100
3178,-100
3179,-125
3180,-100
3181,-75
3182,-125
3183,-75
3184,-125
3185,-125
3186,-75
3187,-175
3188,-175
3189,-200
3190,-125
3191,-75
3192,-175
3193,-125
3194,-175
3195,-200
3196,-125
3197,-175
3198,-175
3199,-175
3200,-175
3201,-175
3203,-125
3204,-125
3205,-125
3206,-175
3207,-175
3208,-125
3209,-175
3210,-125
3211,-125
3212,-100
3213,-75
3214,-175
3215,-175
3217,-100
3218,-125
3220,-175
3221,-125
3222,-225
3223,-175
3224,-200
3225,-175
3226,-175
3227,-125
3228,-125
3229,-550
3230,-125
3231,-150
3232,-100
3233,-75
3234,-125
3235,-175
3236,-125
3237,-175
3238,-175
3239,-200
3240,-550
3241,-175
3242,-75
3243,-75
3244,-100
3245,-75
3246,-75
3247,-100
3248,-175
3249,-75
3250,-75
3251,-200
3252,-175
3253,-175
3254,-125
3255,-87
3256,-125
3257,-175
3258,-100
3259,-175
3260,-100
3261,-125
3262,-75
3263,-100
3264,-100
3265,-175
3267,-123
3268,-75
3269,-100
3270,-100
3271,-125
3272,-175
3273,-100
3274,-175
3275,-100
3276,-75
3279,-550
3280,-100
3281,-125
3282,-175
3283,-125
3284,-100
3285,-475
3286,-75
3287,-150
3288,-175
3289,-175
3290,-250
3291,-125
3292,-75
3293,-100
3294,-100
3295,-250
3297,-225
3298,-200
3299,-550
3300,-150
3302,-75
3304,-75
3305,-125
3306,-75
3307,-75
3308,-550
3309,-75
3310,-75
3311,-75
3312,-75
3313,-250
3315,-75
3317,-100
3319,-75
3320,-100
3321,-100
3322,-100
3323,-350
3325,-125
3326,-100
3327,-75
3328,-75
3329,-125
3330,-75
3331,-225
3332,-175
3333,-125
3334,-150
3335,-75
3336,-150
3338,-100
3339,-75
3340,-100
3341,-100
3342,-75
3343,-125
3344,-250
3348,-325
3349,-300
3351,-250
3352,-250
3355,-250
3356,-250
3359,-200
3362,-175
3363,-175
3364,-175
3366,-175
3369,-153
3370,-150
3372,-150
3374,-150
3375,-150
3376,-150
3379,-150
3380,-150
3382,-150
3383,-150
3384,-150
3385,-125
3388,-127
3391,-150
3395,-125
3397,-100
3401,-101
3402,-100
3403,-100
3405,-250
3408,-250
3409,-250
3412,-250
3414,-125
3415,-125
3416,-75
3418,-150
3419,-150
3420,-125
3421,-75
3422,-100
3423,-75
3424,-100
3425,-150
3426,-75
3427,-125
3428,-175
3429,-200
3430,-75
3431,-100
3433,-100
3434,-100
3435,-150
3436,-100
3437,-75
3438,-125
3439,-125
3440,-100
3441,-100
3442,-80
3443,-100
3445,-125
3446,-75
3447,-125
3448,-75
3449,-150
3451,-350
3452,-100
3454,-100
3455,-125
3457,-175
3458,-75
3459,-75
3460,-225
3461,-150
3462,-100
3463,-150
3464,-164
3465,-125
3466,-75
3467,-75
3468,-75
3469,-125
3470,-75
3471,-100
3472,-250
3474,-100
3476,-150
3478,-125
3479,-175
3480,-250
3482,-225
3483,-200
3484,-75
3485,-250
3486,-175
3487,-250
3488,-125
3489,-200
3490,-100
3491,-175
3492,-175
3495,-100
3496,-100
3497,-175
3498,-175
3499,-150
3500,-150
3501,-100
3502,-200
3503,-200
3504,-150
3505,-150
3506,-125
3507,-125
3509,-125
3510,-125
3511,-175
3512,-75
3513,-175
3515,-175
3516,-200
3517,-100
3518,-175
3519,-175
3520,-150
3521,-200
3522,-200
3523,-175
3524,-175
3525,-75
3526,-125
3527,-150
3528,-200
3529,-150
3530,-225
3531,-150
3532,-175
3533,-175
3534,-175
3536,-150
3538,-125
3542,-125
3543,-75
3544,-225
3545,-175
3547,-125
3549,-150
3550,-150
3551,-125
3552,-125
3553,-150
3554,-125
3556,-200
3557,-125
3558,-100
3559,-150
3560,-200
3561,-150
3562,-125
3563,-125
3564,-225
3567,-175
3568,-75
3569,-125
3570,-100
3571,-150
3572,-150
3573,-150
3574,-150
3576,-125
3577,-125
3579,-200
3580,-200
3581,-75
3582,-175
3584,-100
3586,-125
3587,-125
3589,-175
3590,-175
3592,-75
3593,-200
3594,-175
3595,-175
3596,-150
3597,-175
3598,-150
3599,-125
3600,-150
3601,-175
3602,-175
3603,-150
3604,-150
3605,-175
3607,-175
3608,-150
3609,-225
3610,-175
3611,-175
3612,-125
3613,-225
3614,-225
3615,-100
3616,-100
3617,-150
3618,-125
3619,-150
3620,-125
3622,-175
3623,-200
3625,-125
3626,-200
3627,-200
3628,-175
3629,-200
3630,-75
3632,-175
3633,-75
3635,-125
3636,-100
3638,-150
3639,-225
3640,-175
3642,-150
3643,-125
3644,-75
3645,-150
3646,-200
3648,-75
3650,-225
3651,-200
3653,-125
3654,-150
3655,-150
3656,-200
3657,-225
3659,-175
3660,-100
3661,-125
3662,-100
3663,-125
3664,-150
3665,-250
3666,-225
3667,-200
3668,-200
3669,-200
3670,-75
3671,-100
3672,-225
3673,-225
3674,-100
3675,-175
3676,-150
3678,-225
3679,-225
3680,-150
3681,-175
3682,-175
3683,-200
3684,-200
3691,-124
3693,-225
3694,-175
3695,-100
3696,-100
3697,-100
3700,-125
3701,-75
3702,-75
3703,-75
3704,-125
3705,-225
3706,-75
3707,-125
3742,-75
3743,-100
3744,-150
3746,-250
3747,-250
3748,-225
3749,-250
3750,-75
3752,-100
3753,-100
3755,-125
3756,-550
3757,-75
3758,-75
3759,-125
3760,-125
3761,-225
3762,-100
3763,-75
3764,-75
3765,-75
3767,-100
3768,-150
3769,-75
3770,-175
3771,-75
3772,-75
3773,-175
3774,-100
3775,-100
3776,-125
3777,-100
3778,-200
3779,-175
3780,-128
3781,-75
3782,-400
3783,-100
3785,-75
3786,-150
3787,-100
3788,-124
3789,-350
3790,-150
3791,-75
3792,-102
3793,-450
3794,-125
3795,-100
3796,-75
3797,-100
3798,-450
3800,-75
3801,-100
3802,-100
3803,-75
3804,-75
3805,-100
3806,-100
3807,-125
3808,-100
3809,-150
3810,-200
3811,-125
3812,-75
3814,-200
3816,-125
3817,-150
3818,-175
3820,-75
3821,-75
3822,-75
3823,-100
3824,-279
3825,-175
3826,-100
3827,-75
3828,-100
3829,-100
3830,-150
3831,-75
3832,-100
3834,-125
3836,-75
3837,-75
3838,-75
3839,-125
3840,-100
3841,-125
3842,-125
3843,-425
3844,-350
3845,-125
3846,-125
3847,-100
3849,-75
3851,-100
3853,-75
3854,-75
3855,-75
3856,-125
3857,-100
3858,-100
3859,-75
3865,-200
3866,-175
3868,-175
3869,-125
3872,-125
3875,-125
3881,-100
3886,-150
3888,-100
3891,-50
3896,-75
3899,-125
3903,-50
3904,-50
3905,-100
3911,-100
3913,-125
3916,-175
3917,-125
3918,-150
3921,-75
3922,-75
3923,-150
3925,-200
3930,-100
3931,-325
3935,-75
3936,-150
3938,-75
3941,-375
3950,-42
3951,-82
3954,-100
3955,-150
3956,-125
3957,-125
3959,-275
3965,-110
3970,-75
3972,-150
3974,-100
3976,-150
3977,-150
3979,-100
3982,-100
3983,-100
3985,-150
3987,-125
3989,-125
3990,-175
3995,-125
3998,-200
4000,-175
4001,-100
4002,-125
4003,-125
4006,-125
4013,-125
4016,-125
4017,-100
4018,-125
4019,-100
4021,-175
4025,-105
4026,-150
4028,-125
4034,-150
4036,-175
4037,-175
4038,-175
4039,-175
4041,-125
4044,-150
4045,-100
4046,-175
4048,-200
4055,-150
4057,-100
4060,-125
4061,-125
4066,-125
4067,-150
4068,-175
4071,-100
4072,-125
4073,-150
4079,-125
4080,-64
4081,-150
4082,-150
4084,-150
4087,-125
4088,-100
4090,-300
4093,-175
4094,-125
4098,-200
4100,-100
4101,-175
4103,-150
4104,-125
4107,-100
4108,-100
4109,-175
4111,-175
4112,-175
4113,-125
4114,-150
4116,-150
4118,-150
4119,-150
4121,-125
4122,-125
4124,-100
4126,-125
4127,-125
4128,-125
4130,-150
4132,-125
4134,-150
4136,-150
4137,-125
4139,-125
4140,-125
4141,-150
4142,-150
4144,-125
4145,-125
4146,-125
4149,-125
4150,-125
4152,-125
4155,-125
4157,-125
4158,-125
4159,-125
4160,-125
4161,-175
4162,-100
4163,-125
4167,-75
4169,-150
4170,-140
4171,-200
4176,-75
4177,-75
4180,-75
4181,-100
4185,-125
4186,-100
4187,-50
4193,-75
4194,-38
4195,-75
4196,-100
4198,-100
4199,-125
4200,-125
4203,-264
4208,-100
4209,-125
4211,-275
4212,-350
4213,-250
4217,-220
4218,-225
4221,-325
4222,-250
4223,-250
4224,-250
4225,-225
4230,-200
4234,-300
4237,-50
4238,-50
4239,-50
4240,-325
4244,-125
4250,-50
4256,-50
4261,-75
4263,-175
4265,-150
4268,-125
4270,-150
4272,-125
4274,-150
4275,-200
4276,-225
4279,-175
4281,-200
4283,-150
4294,-75
4297,-50
4298,-225
4299,-175
4308,-150
4310,-150
4311,-125
4314,-25
4315,-50
4317,-75
4321,-325
4322,-75
4324,-50
4325,-100
4328,-46
4329,-75
4330,-41
4332,-25
4333,-50
4335,-50
4336,-48
4339,-75
4345,-100
4346,-75
4347,-350
4348,-100
4349,-175
4350,-350
4355,-36
4356,-50
4358,-75
4361,-100
4363,-75
4366,-75
4367,-150
4368,-100
4369,-125
4370,-125
4371,-100
4372,-225
4373,-125
4374,-125
4375,-125
4376,-75
4377,-125
4378,-100
4379,-100
4380,-100
4381,-100
4382,-100
4383,-125
4384,-100
4385,-100
4386,-125
4387,-100
4388,-125
4389,-100
4390,-150
4391,-100
4392,-125
4393,-100
4394,-100
4395,-125
4396,-125
4397,-100
4398,-100
4399,-100
4400,-100
4401,-150
4402,-125
4403,-75
4404,-100
4405,-100
4406,-125
4407,-175
4408,-125
4409,-125
4410,-125
4411,-125
4412,-150
4413,-100
4414,-100
4415,-100
4417,-100
4418,-125
4419,-150
4421,-100
4422,-100
4423,-100
4424,-150
4425,-100
4426,-100
4427,-100
4428,-100
4429,-110
4430,-100
4431,-75
4432,-100
4433,-175
4435,-100
4436,-100
4438,-125
4439,-125
4440,-125
4441,-100
4442,-75
4443,-100
4444,-125
4445,-125
4446,-125
4447,-125
4448,-150
4449,-75
4450,-100
4451,-250
4453,-125
4455,-125
4456,-100
4457,-125
4458,-150
4459,-125
4460,-125
4461,-75
4462,-100
4463,-100
4464,-150
4465,-75
4468,-100
4469,-100
4470,-100
4471,-100
4472,-75
4473,-100
4474,-150
4475,-100
4476,-100
4477,-100
4478,-100
4479,-150
4480,-125
4481,-125
4482,-125
4483,-125
4484,-100
4485,-100
4486,-100
4487,-125
4488,-125
4489,-125
4490,-150
4493,-100
4494,-175
4495,-225
4496,-150
4497,-100
4498,-125
4499,-75
4500,-150
4501,-125
4502,-100
4503,-150
4504,-150
4505,-150
4506,-125
4507,-250
4509,-100
4510,-125
4511,-125
4512,-100
4513,-150
4514,-150
4515,-100
4516,-125
4517,-200
4518,-200
4519,-150
4520,-150
4521,-250
4522,-125
4524,-125
4525,-100
4526,-150
4527,-150
4528,-125
4530,-154
4531,-175
4532,-175
4534,-175
4536,-175
4537,-84
4538,-84
4539,-89
4540,-125
4542,-106
4543,-234
4545,-125
4546,-125
4547,-125
4548,-125
4549,-100
4550,-100
4551,-100
4552,-125
4553,-100
4554,-100
4555,-125
4556,-125
4557,-125
4558,-75
4559,-125
4560,-150
4561,-175
4563,-75
4565,-100
4566,-100
4567,-75
4568,-125
4569,-125
4570,-75
4571,-175
4572,-125
4573,-93
4574,-100
4575,-125
4576,-100
4577,-125
4578,-75
4579,-100
4580,-125
4581,-125
4582,-125
4583,-100
4584,-125
4585,-125
4586,-125
4587,-125
4589,-100
4590,-100
4592,-100
4593,-100
4595,-125
4596,-100
4597,-100
4598,-125
4600,-125
4601,-75
4602,-75
4603,-125
4604,-75
4605,-75
4606,-100
4607,-75
4608,-75
4609,-75
4610,-200
4611,-350
4612,-125
4613,-525
4614,-475
4615,-475
4616,-150
4617,-350
4618,-100
4619,-100
4620,-100
4621,-125
4622,-125
4623,-125
4624,-125
4625,-125
4626,-125
4627,-125
4628,-125
4629,-125
4630,-125
4631,-250
4632,-200
4634,-150
4635,-250
4636,-450
4637,-150
4642,-250
4644,-300
4646,-105
4647,-140
4649,-195
4650,-190
4652,-100
4653,-100
4655,-125
4656,-150
4657,-200
4658,-300
4659,-200
4660,-375
4661,-350
4662,-300
4665,-275
4667,-70
4668,-150
4671,-100
4673,-100
4674,-150
4675,-250
4677,-100
4678,-100
4681,-150
4682,-150
4684,-50
4685,-550
4686,-125
4689,-150
4690,-150
4691,-75
4692,-75
4695,-75
4696,-100
4697,-100
4698,-100
4701,-75
4702,-75
4703,-125
4704,-75
4706,-250
4707,-175
4709,-225
4711,-175
4712,-100
4713,-175
4714,-100
4715,-175
4716,-100
4717,-150
4718,-75
4720,-150
4721,-50
4723,-75
4724,-175
4726,-50
4727,-50
4734,-50
4736,-125
4737,-50
4738,-50
4739,-25
4741,-50
4743,-100
4744,-150
4745,-100
4746,-50
4748,-225
4753,-300
4754,-350
4755,-225
4757,-175
4760,-125
4763,-75
4768,-150
4769,-75
4770,-75
4771,-75
4772,-125
4774,-75
4777,-150
4778,-50
4779,-150
4780,-175
4781,-600
4782,-500
4784,-200
4785,-25
4786,-75
4787,-175
4789,-25
4793,-25
4794,-25
4798,-75
4799,-100
4802,-300
4803,-375
4804,-550
4805,-300
4807,-400
4808,-425
4809,-200
4810,-550
4811,-75
4812,-75
4813,-100
4816,-350
4817,-250
4818,-225
4819,-150
4821,-100
4822,-150
4828,-50
4831,-300
4834,-275
4840,-25
4841,-50
4844,-125
4847,-125
4848,-125
4849,-75
4853,-75
4857,-75
4859,-275
4860,-50
4861,-50
4863,-150
4864,-75
4866,-175
4870,-575
4872,-250
4873,-225
4874,-300
4875,-250
4876,-200
4877,-275
4878,-175
4879,-275
4880,-300
4881,-175
4883,-600
4885,-175
4886,-175
4887,-175
4888,-175
4889,-225
4890,-150
4891,-475
4892,-125
4893,-225
4894,-200
4895,-150
4896,-150
4897,-525
4898,-550
4899,-225
4900,-225
4902,-200
4903,-200
4904,-125
4905,-125
4906,-100
4907,-124
4908,-150
4910,-125
4912,-100
4916,-100
4917,-150
4920,-175
4921,-75
4922,-150
4924,-75
4927,-100
4929,-150
4930,-600
4932,-75
4933,-150
4936,-475
4937,-75
4938,-150
4941,-75
4942,-75
4943,-100
4945,-150
4949,-100
4951,-125
4952,-500
4954,-475
4955,-500
4956,-100
4957,-425
4958,-175
4959,-425
4960,-125
4961,-250
4962,-150
4963,-350
4964,-150
4965,-400
4966,-200
4967,-175
4968,-150
4969,-200
4970,-100
4971,-75
4972,-100
4973,-25
4974,-25
4975,-75
4979,-475
4980,-450
4984,-75
4985,-350
4986,-450
4988,-525
4989,-400
4991,-400
4992,-300
4993,-300
4994,-300
4995,-300
4996,-350
4997,-325
4998,-325
4999,-350
5000,-325
5001,-275
5002,-300
5003,-275
5004,-300
5005,-225
5007,-150
5008,-150
5009,-450
5010,-25
5011,-75
5024,-400
5026,-525
5027,-325
5029,-500
5032,-525
5034,-125
5037,-175
5039,-250
5040,-250
5041,-250
5042,-250
5043,-200
5044,-200
5045,-200
5046,-150
5047,-125
5048,-100
5049,-100
5050,-100
5051,-75
5052,-75
5053,-75
5054,-75
5055,-75
5056,-75
5058,-75
5059,-100
5060,-100
5061,-100
5062,-100
5063,-75
5064,-75
5065,-75
5066,-75
5067,-75
5068,-75
5069,-75
5070,-75
5071,-75
5072,-75
5074,-75
5075,-125
5076,-125
5077,-125
5078,-125
5079,-125
5080,-125
5081,-125
5082,-125
5083,-125
5084,-125
5085,-125
5086,-125
5087,-125
5088,-125
5089,-100
5090,-100
5091,-100
5092,-100
5093,-100
5094,-100
5095,-125
5096,-125
5097,-125
5098,-125
5100,-125
5101,-125
5102,-125
5104,-125
5106,-125
5107,-125
5108,-75
5110,-125
5111,-75
5113,-75
5114,-75
5115,-75
5116,-75
5118,-75
5119,-75
5120,-75
5122,-75
5123,-75
5124,-75
5125,-75
5126,-75
5127,-75
5129,-75
5130,-75
5131,-125
5132,-100
5133,-100
5134,-100
5135,-125
5136,-100
5137,-150
5138,-150
5139,-150
5140,-100
5141,-150
5142,-100
5144,-100
5145,-150
5146,-150
5147,-75
5148,-100
5149,-150
5150,-150
5151,-100
5152,-125
5153,-100
5154,-150
5156,-150
5157,-125
5158,-125
5159,-150
5160,-50
5162,-125
5163,-200
5164,-175
5165,-250
5166,-100
5167,-100
5168,-75
5169,-475
5170,-250
5171,-400
5172,-400
5173,-150
5174,-125
5175,-125
5176,-125
5177,-125
5178,-170
5179,-125
5180,-125
5181,-125
5182,-125
5183,-125
5184,-100
5185,-125
5186,-125
5187,-125
5188,-125
5190,-125
5191,-75
5192,-125
5193,-125
5194,-125
5195,-100
5196,-125
5197,-125
5198,-100
5200,-100
5201,-100
5202,-125
5203,-125
5204,-100
5205,-125
5206,-275
5207,-125
5208,-125
5209,-125
5210,-125
5211,-125
5212,-200
5213,-125
5214,-125
5215,-125
5216,-125
5217,-125
5218,-125
5219,-125
5220,-125
5221,-125
5222,-125
5224,-125
5225,-125
5226,-125
5227,-75
5228,-125
5229,-125
5230,-125
5231,-125
5232,-125
5233,-125
5234,-125
5235,-125
5236,-125
5237,-125
5238,-125
5239,-125
5240,-125
5241,-125
5242,-125
5243,-175
5244,-125
5245,-125
5246,-125
5247,-100
5248,-125
5249,-125
5250,-125
5251,-125
5252,-125
5253,-125
5254,-125
5255,-125
5256,-125
5257,-125
5258,-100
5259,-125
5260,-125
5261,-125
5262,-175
5264,-125
5265,-125
5266,-125
5267,-125
5268,-125
5269,-125
5270,-125
5271,-125
5272,-125
5273,-125
5274,-125
5275,-125
5276,-125
5277,-125
5278,-125
5279,-125
5280,-125
5281,-100
5282,-125
5283,-125
5284,-125
5285,-125
5286,-125
5287,-125
5288,-270
5289,-125
5290,-125
5293,-125
5294,-125
5295,-125
5296,-125
5297,-125
5298,-125
5299,-125
5300,-125
5301,-125
5302,-125
5303,-100
5304,-125
5305,-125
5306,-150
5307,-125
5308,-125
5309,-125
5310,-125
5311,-150
5312,-125
5313,-125
5314,-125
5315,-125
5316,-125
5317,-125
5318,-125
5319,-125
5321,-125
5322,-200
5323,-125
5324,-125
5325,-125
5326,-125
5327,-100
5328,-125
5329,-75
5330,-125
5331,-125
5332,-125
5333,-125
5334,-125
5335,-125
5336,-125
5337,-125
5338,-125
5339,-125
5340,-125
5341,-125
5342,-125
5343,-125
5344,-125
5345,-125
5346,-125
5347,-125
5348,-125
5349,-125
5350,-125
5351,-125
5352,-125
5353,-125
5354,-150
5355,-125
5356,-125
5357,-125
5358,-125
5359,-125
5360,-125
5361,-125
5362,-125
5363,-125
5364,-125
5365,-125
5366,-125
5367,-125
5368,-125
5369,-125
5370,-125
5371,-125
5372,-125
5373,-125
5374,-125
5375,-125
5376,-125
5377,-125
5378,-125
5379,-125
5380,-125
5381,-125
5382,-125
5383,-125
5384,-150
5385,-125
5386,-125
5387,-125
5388,-125
5389,-125
5390,-125
5391,-125
5392,-125
5393,-125
5394,-275
5395,-125
5396,-125
5397,-125
5398,-100
5399,-125
5400,-125
5401,-100
5402,-125
5403,-125
5404,-125
5405,-125
5406,-125
5407,-125
5408,-125
5409,-125
5410,-125
5411,-125
5412,-125
5413,-125
5414,-125
5415,-150
5416,-125
5417,-125
5418,-125
5420,-125
5421,-125
5422,-125
5423,-125
5424,-125
5425,-125
5426,-125
5427,-125
5428,-125
5429,-125
5430,-125
5431,-125
5432,-125
5433,-125
5434,-125
5435,-100
5436,-125
5437,-125
5438,-125
5439,-75
5440,-125
5441,-125
5442,-110
5443,-75
5444,-125
5445,-125
5446,-125
5447,-125
5448,-125
5449,-125
5450,-125
5451,-125
5452,-125
5453,-125
5454,-125
5455,-125
5456,-125
5457,-125
5458,-125
5459,-125
5460,-125
5461,-125
5462,-125
5463,-125
5464,-100
5466,-125
5467,-125
5468,-125
5469,-125
5470,-125
5471,-125
5472,-125
5473,-125
5474,-125
5475,-125
5476,-125
5477,-125
5478,-125
5479,-125
5480,-125
5482,-125
5483,-125
5484,-125
5485,-125
5486,-125
5488,-125
5489,-125
5490,-125
5491,-125
5492,-125
5493,-94
5494,-254
5495,-100
5496,-125
5497,-125
5498,-125
5499,-125
5500,-125
5501,-125
5502,-125
5503,-125
5504,-125
5505,-125
5506,-125
5507,-125
5508,-125
5509,-125
5510,-125
5511,-125
5512,-125
5513,-125
5514,-125
5515,-125
5516,-125
5518,-125
5519,-125
5520,-125
5521,-75
5522,-125
5523,-125
5524,-125
5525,-125
5526,-125
5527,-125
5528,-100
5529,-125
5530,-125
5531,-125
5532,-125
5533,-125
5534,-125
5535,-125
5536,-125
5537,-125
5538,-125
5539,-125
5540,-125
5541,-125
5542,-125
5543,-125
5544,-150
5545,-125
5546,-125
5547,-125
5548,-125
5549,-125
5550,-125
5551,-125
5552,-125
5553,-125
5554,-125
5555,-125
5556,-125
5557,-125
5559,-125
5560,-125
5561,-125
5562,-125
5563,-125
5564,-125
5565,-125
5566,-125
5567,-125
5568,-125
5569,-100
5570,-125
5571,-125
5572,-125
5573,-125
5574,-125
5575,-125
5576,-125
5577,-125
5578,-125
5579,-125
5580,-125
5581,-125
5582,-125
5583,-125
5584,-125
5585,-125
5586,-125
5587,-125
5588,-125
5589,-125
5590,-125
5592,-200
5593,-125
5594,-125
5595,-125
5596,-125
5597,-125
5598,-125
5599,-125
5600,-125
5601,-125
5602,-125
5603,-125
5604,-125
5605,-125
5606,-125
5607,-125
5608,-125
5609,-125
5610,-125
5612,-125
5613,-125
5614,-200
5615,-300
5616,-200
5617,-200
5618,-200
5619,-125
5620,-200
5622,-200
5623,-125
5624,-200
5625,-125
5626,-200
5627,-150
5628,-100
5629,-150
5630,-200
5631,-200
5632,-125
5633,-550
5635,-125
5636,-150
5637,-125
5638,-300
5639,-200
5640,-100
5641,-200
5642,-200
5643,-200
5644,-200
5645,-100
5646,-200
5647,-200
5648,-200
5649,-200
5650,-250
5651,-100
5652,-200
5653,-100
5654,-300
5655,-250
5656,-100
5657,-150
5658,-200
5659,-150
5660,-200
5661,-150
5662,-150
5663,-125
5664,-125
5665,-125
5666,-125
5667,-200
5669,-175
5670,-509
5671,-125
5672,-200
5673,-125
5674,-200
5676,-150
5677,-509
5678,-200
5679,-200
5680,-200
5681,-125
5682,-100
5683,-150
5684,-150
